0000-1-8128-01,
0000-1-1077-01,
0000-1-1077-02,
0000-1-1077-03,
0000-1-1077-04,
0000-1-1077-05,
0000-1-1077-06,
0000-1-1077-07,
0000-1-1077-08,
0000-1-1077-09,
0000-1-1077-10,
0000-1-1077-11,
0000-1-1077-12,
0000-1-1077-13,
0000-1-1077-14,
0000-1-1077-15,
0000-1-1077-16,
0000-1-1077-17,
0000-1-1077-18,
0000-1-1077-19,
0000-1-1077-20,
0000-1-1077-21,
0000-1-1077-22,
0000-1-1077-23,
0000-1-1077-24,
0000-1-1077-25,
0000-1-1077-26,
0000-1-1077-27,
0000-1-1077-28,
0000-1-1077-29,
0000-1-1077-30,
0000-1-1077-31,
0000-1-1077-32,
0000-1-1077-33,
0000-1-1077-34,
0000-1-1077-35,
0000-1-1077-36,
0000-1-1077-37,
0000-1-1077-38,
0000-1-1077-39,
0000-1-1077-40,
0000-1-1077-41,
0000-1-1077-42,
0000-1-1077-43,
0000-1-1077-44,
0000-1-1077-45,
0000-1-1077-46,
0000-1-3362-01,
0000-1-3362-02,
0000-1-3362-03,
0000-1-3362-04,
0000-1-3362-05,
0000-1-3362-06,
0000-1-3362-07,
0000-1-3362-08,
0000-1-3362-09,
0000-1-3362-10,
0000-1-3362-11,
0000-1-3362-12,
0000-1-3362-13,
0000-1-3362-14,
0000-1-3362-15,
0000-1-3362-16,
7060-1-8297-01,
7060-1-8297-02,
7060-1-8297-03,
7060-1-8297-04,
7070-1-8297-01,
7070-1-8297-02,
7420-1-8297-01,
7420-1-8297-02,
7320-1-8297-01,
7320-1-8297-02,
7340-1-8297-01,
7340-1-8297-02,
7410-1-8297-01,
7410-1-8297-02,
H020-1-8297-01,
H020-1-8297-02,
H020-1-8297-03,
H030-1-8297-01,
H030-1-8297-02,
H030-1-8297-03,
H040-1-8297-01,
H040-1-8297-02,
H040-1-8297-03,
1000-1-8610-01,
1000-1-8610-02,
1000-1-8610-03,
1000-1-8610-04,
1000-1-8610-05,
6000-1-8610-01,
6000-1-8610-02,
6000-1-8610-03,
6000-1-8610-04,
6000-1-8610-05,
6000-1-8610-06,
3000-1-8610-01,
3000-1-8610-02,
3000-1-8610-03,
3000-1-8610-04,
3000-1-8610-05,
3000-1-8610-06,
3000-1-8610-07,
F000-1-8610-01,
F000-1-8610-02,
F000-1-8610-03,
F000-1-8610-04,
F000-1-8610-05,
6000-1-8610-06,
5000-1-8610-01,
5000-1-8610-02,
5000-1-8610-03,
5000-1-8610-04,
5000-1-8610-05,
0000-1-5909-01,
0000-1-5909-02,
0000-1-5909-03,
0000-1-5909-04,
0000-1-5909-05,
0000-1-4283-01,
0000-1-4283-02,
0000-1-4711-01,
0000-1-5675-01,
0000-1-5675-02,
0000-1-5675-03,
0000-1-5675-04,
0000-1-7461-01,
0000-1-7461-02,
0000-1-5674-01,
0000-1-5674-02,
0000-1-5674-03,
0000-1-5704-01,
0000-1-5704-02,
0000-1-1659-01,
0000-1-1659-02,
0000-1-3293-01,
0000-1-3293-02,
0000-1-3293-03,
0000-1-8118-01,
0000-2-6519-01,
0000-2-6019-01,
0000-2-6957-01,
0000-2-6957-02,
0000-2-6387-01,
0000-2-6387-02,
0000-2-4263-01,
0000-2-4263-02,
0000-2-7724-01,
0000-2-8581-01,
0000-2-3029-01,
0000-2-3029-02,
0000-2-3029-03,
0000-2-3029-04,
0000-2-3029-05,
0000-2-3029-06,
0000-2-2991-01,
0000-2-2991-02,
0000-2-6020-01,
0000-2-2993-01,
0000-2-8119-01,
0000-2-2994-01,
0000-2-2994-02,
0000-2-2994-03,
0000-2-7725-01,
0000-3-7728-01,
0000-3-5765-01,
0000-3-5765-02,
0000-3-2997-01,
0000-3-2997-02,
0000-3-8120-01,
0000-4-7462-01,
0000-1-5914-01,
0000-1-5914-02,
0000-1-5914-03,
0000-1-5914-04,
0000-1-5914-05,
0000-1-7465-01,
0000-1-7465-02,
0000-1-7465-03,
0000-1-7465-04,
0000-1-7465-05,
0000-1-6523-01,
0000-1-6523-02,
0000-1-6523-03,
0000-1-6523-04,
0000-1-6523-05,
0000-1-6523-06,
0000-1-6523-07,
0000-1-6523-08,
0000-1-6523-09,
0000-1-6523-10,
0000-1-6523-11,
0000-1-6523-12,
0000-1-6523-13,
0000-1-6523-14,
0000-1-6523-15,
0000-1-6523-16,
0000-1-6523-17,
0000-1-6523-18,
0000-1-6518-01,
0000-1-2337-01,
0000-2-2977-01,
0000-2-2977-02,
0000-2-2977-03,
0000-2-2977-04,
0000-2-2977-05,
0000-2-2977-06,
0000-2-2977-07,
0000-2-6021-01,
0000-1-5899-01,
0000-1-5899-02,
0000-1-5899-03,
0000-1-0221-01,
0000-1-0221-02,
0000-1-3925-01,
0000-1-8085-01,
0000-1-8085-02,
0000-1-8085-03,
0000-1-5224-01,
0000-1-3919-01,
0000-1-4390-01,
0000-1-5659-01,
0000-1-5660-01,
0000-1-2959-01,
0000-1-2959-02,
0000-1-5661-01,
0000-1-5661-02,
0000-1-1794-01,
0000-1-5655-01,
0000-2-7723-01,
0000-2-8123-01,
0000-2-5662-01,
0000-2-3937-01,
0000-2-4050-01,
0000-2-5368-01,
0000-2-7727-01,
0000-2-6133-01,
0000-2-6018-01,
0000-2-5663-01,
0000-2-7726-01,
0000-2-2038-01,
0000-2-3932-01,
0000-2-3932-02,
0000-2-3944-01,
0000-3-5658-01,
0000-3-6517-01,
0000-3-8122-01,
0000-3-8582-01,
0000-3-6516-01,
0000-3-3924-01,
0000-3-5665-01,
0000-3-1879-01,
0000-4-7459-01,
0000-1-8583-01,
0000-1-8583-02,
0000-1-5901-01,
0000-1-5901-02,
0000-1-0670-01,
0000-1-0670-02,
0000-1-0670-03,
0000-1-0670-04,
0000-1-4282-01,
0000-1-4282-02,
0000-1-4282-03,
0000-1-4061-01,
0000-1-3948-01,
0000-1-3948-02,
0000-1-0806-01,
0000-1-0806-02,
0000-1-0806-03,
0000-1-4638-01,
0000-1-3928-01,
0000-1-3928-02,
0000-1-3363-01,
0000-1-4280-01,
0000-1-2982-01,
0000-1-2982-02,
0000-1-2982-03,
0000-1-5667-01,
0000-1-5667-02,
0000-1-5908-01,
0000-1-8832-01,
0000-1-4723-01,
0000-1-4723-02,
0000-2-8586-01,
0000-2-8586-02,
0000-2-2981-01,
0000-2-2981-02,
0000-2-2987-01,
0000-2-3730-01,
0000-2-3730-02,
0000-2-5668-01,
0000-2-5668-02,
0000-2-6137-01,
0000-2-2988-01,
0000-2-2988-02,
0000-2-2988-03,
0000-2-3645-01,
0000-2-8124-01,
0000-2-5092-01,
0000-2-3008-01,
0000-2-3008-02,
0000-2-3008-03,
0000-2-3008-04,
0000-2-8585-01,
0000-2-8585-02,
0000-2-5090-01,
0000-2-5090-02,
0000-2-5090-03,
0000-2-8588-01,
0000-2-3950-01,
0000-2-8587-01,
0000-2-8834-01,
0000-3-6136-01,
0000-3-6136-02,
0000-3-4717-01,
0000-3-5671-01,
0000-3-3946-01,
0000-3-3946-02,
0000-3-4735-01,
0000-3-4735-02,
0000-3-3240-01,
0000-3-3240-02,
0000-1-2665-01,
0000-1-2665-02,
0000-1-4933-01,
0000-1-4933-02,
0000-1-4933-03,
0000-1-4933-04,
0000-1-4933-05,
0000-1-4933-06,
0000-1-4933-07,
0000-1-4933-08,
0000-1-4933-09,
0000-1-3589-01,
0000-1-3693-01,
0000-1-6376-01,
0000-1-3812-01,
0000-1-6135-01,
0000-1-5688-01,
0000-1-5688-02,
0000-1-6524-01,
0000-1-6524-02,
0000-1-6525-01,
0000-1-8593-01,
0000-1-8593-02,
0000-1-3593-01,
0000-1-3593-02,
0000-1-3593-03,
0000-1-3593-04,
0000-1-3593-05,
0000-1-3593-06,
0000-1-3593-07,
0000-1-3696-01,
0000-1-3696-02,
0000-1-3696-03,
0000-1-3696-04,
0000-1-3696-05,
0000-1-3696-06,
0000-1-3696-07,
0000-1-3696-08,
0000-1-3697-01,
0000-2-2419-01,
0000-2-5219-01,
0000-2-4052-01,
0000-2-4052-02,
0000-2-3349-01,
0000-2-3349-02,
0000-2-5367-01,
0000-2-5367-02,
0000-2-5367-03,
0000-2-5689-01,
0000-2-6526-01,
0000-2-6023-01,
0000-2-6023-02,
0000-2-6023-03,
0000-2-6023-04,
0000-2-8653-01,
0000-2-6022-01,
0000-2-8594-01,
0000-2-8594-02,
0000-1-6588-01,
0000-1-3223-01,
0000-1-3223-02,
0000-1-6049-01,
0000-1-6054-01,
0000-1-6051-01,
0000-1-0387-01,
0000-1-0387-02,
0000-1-5678-01,
0000-1-5378-01,
0000-1-5378-02,
0000-1-8127-01,
0000-1-8127-02,
0000-1-7730-01,
0000-1-7730-02,
0000-1-0709-01,
0000-1-0709-02,
0000-1-5679-01,
0000-1-0858-01,
0000-1-0858-02,
0000-1-2238-01,
0000-1-2238-02,
0000-1-4081-01,
0000-1-2437-01,
0000-1-3814-01,
0000-1-3814-02,
0000-1-3814-03,
0000-1-5683-01,
0000-1-5683-02,
0000-1-5684-01,
0000-1-5684-02,
0000-1-1618-01,
0000-1-1618-02,
0000-1-1679-01,
0000-1-1679-02,
0000-1-5226-01,
0000-1-8590-01,
0000-1-8589-01,
0000-2-6056-01,
0000-2-7904-01,
0000-2-6728-01,
0000-2-6729-01,
0000-2-6058-01,
0000-2-7145-01,
0000-2-6730-01,
0000-2-6057-01,
0000-2-6948-01,
0000-2-6948-02,
0000-2-2942-01,
0000-2-2942-02,
0000-2-6372-01,
0000-2-6373-01,
0000-2-8591-01,
0000-2-5681-01,
0000-2-3196-01,
0000-2-3196-02,
0000-2-4051-01,
0000-2-5680-01,
0000-2-2968-01,
0000-2-2968-02,
0000-2-4925-01,
0000-2-4925-02,
0000-2-7595-01,
0000-2-7595-02,
0000-3-5682-01,
0000-3-5657-01,
0000-3-3200-01,
0000-3-3200-02,
0000-3-3200-03,
0000-3-3936-01,
0000-3-3934-01,
0000-2-4067-01,
0000-2-4067-02,
0000-2-3037-01,
0000-2-3037-02,
0000-2-2944-01,
0000-2-2944-02,
0000-2-5341-01,
0000-2-5341-02,
0000-2-8598-01,
0000-2-8597-01,
0000-2-1556-01,
0000-2-1556-02,
0000-2-1556-03,
0000-2-1556-04,
0000-2-1556-05,
0000-2-8601-01,
0000-3-8599-01,
0000-3-8599-02,
0000-3-3897-01,
0000-3-3897-02,
0000-3-8596-01,
0000-3-8596-02,
0000-3-8600-01,
0000-3-4650-01,
0000-3-4650-02,
0000-3-4650-03,
0000-3-4650-04,
0000-3-2696-01,
0000-3-2696-02,
0000-3-8602-01,
0000-4-2702-01,
0000-4-2702-02,
0000-4-8595-01,
0000-4-8595-02,
0000-4-8595-03,
0000-4-8603-01,
0000-4-8603-02,
0000-1-5706-01,
0000-1-6061-01,
0000-1-6581-01,
0000-1-6997-01,
0000-1-7000-01,
0000-1-7475-01,
0000-1-7926-01,
0000-1-8129-01,
0000-1-8833-01,
0000-2-6237-01,
0000-2-6238-01,
0000-2-6579-01,
0000-2-6580-01,
0000-2-6583-01,
0000-2-6999-01,
0000-2-7473-01,
0000-2-7476-01,
0000-2-7744-01,
0000-2-0266-01,
0000-2-6966-01,
0000-2-7471-01,
0000-2-7472-01,
0000-3-0261-01,
0000-3-6026-01,
0000-3-6215-01,
0000-3-6217-01,
0000-3-6229-01,
0000-3-6231-01,
0000-3-8605-01,
0000-4-6585-01,
0000-4-6732-01,
0000-3-2084-01,
0000-4-2085-01,
0000-2-6377-01,
0000-2-6378-01,
0000-3-2313-01,
0000-3-5953-01,
0000-3-6379-01,
상담복지정책대학원,
0000-1-6590-01,
0000-2-6382-01,
0000-2-6397-01,
0000-3-6395-01,
0000-3-6396-01,
0000-4-6731-01,
H000-2-1244-01,
H000-2-7407-01,
H000-2-8580-01,
H000-3-7826-01,
H000-3-7827-01,
H000-4-7828-01,
0000-3-8825-01,
0000-3-8826-01,
0000-1-8827-01,
0000-2-0379-01,
0000-3-8828-01,
0000-3-8830-01,
0000-1-1766-01,
0000-1-8128-01,
0000-2-8123-01,
0000-3-7728-01,
0000-3-8122-01,
0000-2-7727-01,
0000-2-8124-01,
0000-2-7724-01,
0000-2-7726-01,
0000-3-8120-01,
0000-2-8119-01,
0000-2-7725-01,
7420-2-7900-01,
D161-3-8099-01,
7220-4-6898-01,
6030-3-8505-01,
9060-3-8536-01,
7000-3-8536-01,
7000-3-3918-01,
1000-3-3918-01,
5080-3-3918-01,
9060-3-7741-01,
7000-3-7741-01,
7000-3-6591-01,
H000-3-6591-01,
0000-3-5765-01,
0000-3-5765-02,
0000-3-8582-01,
0000-2-8597-01,
0000-2-8591-01,
0000-2-8581-01,
0000-1-8590-01,
0000-2-5090-01,
0000-2-5090-02,
7000-4-8478-01,
9030-4-7881-01,
5080-3-8606-01,
5080-4-7882-01,
1000-2-8584-01,
1000-3-8831-01,
5000-3-8824-01,
0000-1-8832-01,
1170-3-5014-01,
F020-1-8091-01,
9030-4-7880-01,
H020-1-2339-03,
0000-2-3932-02,
1140-3-0523-01,
7000-1-3416-10,
0000-2-8834-01,
7000-1-1640-01,
7000-1-5714-01,
7000-1-3416-01,
7000-1-3416-02,
7000-1-3416-03,
7000-1-3416-04,
7000-1-3416-05,
7000-1-3416-06,
7000-1-3416-07,
7000-1-3416-08,
7000-1-3416-09,
7000-1-3416-10,
7000-1-3416-11,
7000-1-3416-12,
7000-1-4627-01,
7000-1-4627-02,
7000-1-7466-01,
7000-1-7466-02,
7000-1-7466-03,
7000-1-7466-04,
7000-1-7466-05,
7000-2-4970-01,
7000-2-4970-02,
7000-2-4970-03,
7000-2-4970-04,
7000-2-4970-05,
7000-2-4970-06,
7000-2-4970-07,
7000-2-4970-08,
7000-2-4970-09,
7000-3-3918-01,
7000-3-7741-01,
7000-3-7905-01,
7000-3-8291-01,
7000-3-8536-01,
7000-3-6591-01,
7000-3-8300-01,
7000-4-8478-01,
7060-1-8297-01,
7060-1-8297-02,
7060-1-8297-03,
7060-1-8297-04,
7060-1-2957-01,
7060-1-2957-02,
7060-1-3403-01,
7060-1-3403-02,
7060-1-4626-01,
7060-1-4626-02,
7060-1-4626-03,
7060-1-4626-04,
7060-2-0575-01,
7060-2-0575-02,
7060-2-0819-01,
7060-2-0819-02,
7060-2-0819-03,
7060-2-1412-01,
7060-2-1412-02,
7060-2-1647-01,
7060-2-1647-02,
7060-2-1996-01,
7060-2-1996-02,
7060-2-2004-01,
7060-2-2004-02,
7060-2-4513-01,
7060-2-4513-02,
7060-2-4513-03,
7060-2-4513-04,
7060-2-4513-05,
7060-2-4970-01,
7060-2-4970-02,
7060-3-0458-01,
7060-3-0458-02,
7060-3-1464-01,
7060-3-1464-02,
7060-3-1464-03,
7060-3-1723-01,
7060-3-1723-02,
7060-3-4534-01,
7060-3-6529-01,
7060-3-7732-01,
7060-3-7732-02,
7060-3-7732-03,
7060-3-7732-04,
7060-3-7732-05,
7060-3-8056-01,
7060-4-0969-01,
7060-4-4520-01,
7060-4-4520-02,
7060-4-4521-01,
7060-4-4521-02,
7070-1-8297-01,
7070-1-8297-02,
7070-1-2957-01,
7070-1-2957-02,
7070-1-4626-01,
7070-1-4626-02,
7070-2-1412-01,
7070-2-2004-01,
7070-2-2004-02,
7070-2-4934-01,
7070-2-4935-01,
7070-2-4935-02,
7070-2-4970-01,
7070-2-5854-01,
7070-2-5854-02,
7070-2-5854-03,
7070-2-5854-04,
7070-2-5854-05,
7070-2-5857-01,
7070-2-5857-02,
7070-2-7777-01,
7070-3-0466-01,
7070-3-0488-01,
7070-3-0492-01,
7070-3-0875-01,
7070-3-1110-01,
7070-3-1464-01,
7070-3-1655-01,
7070-3-1655-02,
7070-3-5694-01,
7070-3-5856-01,
7070-3-5856-02,
7070-3-5856-03,
7070-3-5856-04,
7070-3-5856-05,
7070-3-6718-01,
7070-4-2676-01,
7070-4-4936-01,
7420-1-8297-01,
7420-1-8297-02,
7420-1-2957-01,
7420-1-4626-01,
7420-1-4626-02,
7420-2-1412-01,
7420-2-1412-02,
7420-2-1996-01,
7420-2-1996-02,
7420-2-3403-01,
7420-2-4513-01,
7420-2-4513-02,
7420-2-4513-03,
7420-2-4513-04,
7420-2-4970-01,
7420-2-6892-01,
7420-2-6892-02,
7420-2-7900-01,
7420-3-0458-01,
7420-3-0458-02,
7420-3-0466-01,
7420-3-1160-01,
7420-3-1160-02,
7420-3-1464-01,
7420-3-1655-01,
7420-3-5263-01,
7420-3-5270-01,
7420-3-7410-01,
7420-3-7410-02,
7420-3-7410-03,
7420-3-7410-04,
7420-4-4165-01,
7420-4-6895-01,
7420-4-6896-01,
7420-4-7411-01,
7420-4-7411-02,
7420-4-7442-01,
7320-1-8297-01,
7320-1-8297-02,
7320-1-4626-01,
7320-1-4626-02,
7320-2-1412-01,
7320-2-1996-01,
7320-2-1996-02,
7320-2-4286-01,
7320-2-4286-02,
7320-2-4970-01,
7320-2-6234-01,
7320-2-6234-02,
7320-2-6901-01,
7320-2-6901-02,
7320-2-6901-03,
7320-2-6901-04,
7320-2-6901-05,
7320-3-1284-01,
7320-3-1294-01,
7320-3-1360-01,
7320-3-1524-01,
7320-3-2004-01,
7320-3-2008-01,
7320-3-4053-01,
7320-3-4053-02,
7320-3-4053-03,
7320-3-4053-04,
7320-3-4863-01,
7320-4-1353-01,
7320-4-3855-01,
7320-4-4163-01,
7320-4-6244-01,
7320-4-6245-01,
7320-4-6535-01,
7320-4-6903-01,
7340-1-8297-01,
7340-1-8297-02,
7340-1-2957-01,
7340-1-4626-01,
7340-1-4626-02,
7340-1-1436-01,
7340-2-0019-01,
7340-2-0454-01,
7340-2-0575-01,
7340-2-0575-02,
7340-2-1412-01,
7340-2-1996-01,
7340-2-3587-01,
7340-2-3587-02,
7340-2-4627-01,
7340-2-5714-01,
7340-2-5714-02,
7340-3-0186-01,
7340-3-1464-01,
7340-3-3835-01,
7340-3-3856-01,
7340-3-4865-01,
7340-3-4865-02,
7340-3-5863-01,
7340-3-5864-01,
7340-4-0717-01,
7340-4-4165-01,
7340-4-4165-02,
7340-4-4165-03,
7340-4-4165-04,
7340-4-5010-01,
7340-4-5010-02,
7340-4-5010-03,
7340-4-5010-04,
7340-4-5867-01,
7340-4-7733-01,
7410-1-8297-01,
7410-1-8297-02,
7410-1-4626-01,
7410-1-4626-02,
7410-1-6241-01,
7410-2-1647-01,
7410-2-2004-01,
7410-2-4041-01,
7410-2-4540-01,
7410-2-3403-01,
7410-2-3679-01,
7410-2-6246-01,
7410-2-6246-02,
7410-2-6246-03,
7410-2-6367-01,
7410-3-1462-01,
7410-3-1527-01,
7410-3-1655-01,
7410-3-1942-01,
7410-3-5694-01,
7410-3-6539-01,
7410-3-6539-02,
7410-3-6539-03,
7410-3-8089-01,
7410-3-8490-01,
7410-4-4163-01,
7410-4-5474-01,
7410-4-6905-01,
H000-1-3416-01,
H000-1-3416-02,
H000-1-3416-03,
H000-1-3416-04,
H000-1-3417-01,
H000-1-3417-02,
H000-1-4627-01,
H000-1-4627-02,
H000-3-6591-01,
H000-2-1244-01,
H000-2-7407-01,
H000-2-8580-01,
H000-3-7826-01,
H000-3-7827-01,
H000-4-7828-01,
H020-1-8297-01,
H020-1-8297-02,
H020-1-8297-03,
H020-1-2957-01,
H020-1-4626-01,
H020-1-4626-02,
H020-1-4626-03,
H020-1-2339-01,
H020-1-2339-02,
H020-1-2339-03,
7220-2-0454-01,
7220-2-0454-02,
7220-2-1186-01,
7220-2-1462-01,
7220-2-3703-01,
7220-2-3712-01,
7220-2-3712-02,
7220-2-3712-03,
7220-2-3712-04,
7220-2-4530-01,
7220-2-4530-02,
7220-2-8087-01,
7220-2-8087-02,
7220-2-8087-03,
7220-3-0458-01,
7220-3-0492-01,
7220-3-0875-01,
7220-3-0969-01,
7220-3-1110-01,
7220-3-3659-01,
7220-3-3659-02,
7220-3-5694-01,
7220-3-5860-01,
7220-3-6387-01,
7220-3-6532-01,
7220-4-4163-01,
7220-4-4181-01,
7220-4-6897-01,
7220-4-6898-01,
H030-1-8297-01,
H030-1-8297-02,
H030-1-8297-03,
H030-1-2957-01,
H030-1-2957-02,
H030-1-4626-01,
H030-1-4626-02,
H030-1-4626-03,
H030-1-5714-01,
H030-1-5714-02,
H030-1-5714-03,
7260-2-0819-01,
7260-2-0819-02,
7260-2-1243-01,
7260-2-1243-02,
7260-2-1243-03,
7260-2-1762-01,
7260-2-1762-02,
7260-2-3395-01,
7260-2-3395-02,
7260-2-8486-01,
7260-2-8486-02,
7260-2-8486-03,
7260-2-8487-01,
7260-3-0875-01,
7260-3-1196-01,
7260-3-1196-02,
7260-3-1655-01,
7260-3-1655-02,
7260-3-1765-01,
7260-3-1765-02,
7260-3-3458-01,
7260-3-3951-01,
7260-3-5266-01,
7260-3-5266-02,
7260-3-5266-03,
7260-3-6387-01,
7260-3-7412-01,
7260-4-3874-01,
7260-4-4165-01,
7260-4-4165-02,
7260-4-4262-01,
7260-4-4858-01,
H040-1-4002-01,
H040-1-4002-02,
H040-1-4626-01,
H040-1-4626-02,
H040-1-4626-03,
H040-1-8297-01,
H040-1-8297-02,
H040-1-8297-03,
H040-1-5714-01,
H040-1-5714-02,
H040-1-5714-03,
1000-1-4627-01,
1000-1-8610-01,
1000-1-8610-02,
1000-1-8610-03,
1000-1-8610-04,
1000-1-8610-05,
1000-2-8584-01,
1000-3-3918-01,
1000-3-7905-01,
1000-3-8291-01,
1000-3-8831-01,
1140-1-2957-01,
1140-1-3417-01,
1140-1-3417-02,
1140-1-4626-01,
1140-1-4626-02,
1140-1-6527-01,
1140-2-0586-01,
1140-2-1136-01,
1140-2-2875-01,
1140-2-4941-01,
1140-2-4941-02,
1140-2-4941-03,
1140-2-4970-01,
1140-2-5015-01,
1140-3-0213-01,
1140-3-0523-01,
1140-3-2009-01,
1140-3-2081-01,
1140-3-2091-01,
1140-3-4942-01,
1140-3-4942-02,
1140-3-4942-03,
1140-3-5480-01,
1140-4-0395-01,
1140-4-1128-01,
1140-4-3559-01,
1140-4-4165-01,
1140-4-4943-01,
1140-4-4943-02,
1140-4-4944-01,
1160-1-3417-01,
1160-1-4626-01,
1160-2-1960-01,
1160-2-3131-01,
1160-2-4879-01,
1160-2-5485-01,
1160-2-8494-01,
1160-2-8495-01,
1160-3-0404-01,
1160-3-0861-01,
1160-3-1749-01,
1160-3-5018-01,
1160-3-5020-01,
1160-3-5694-01,
1160-3-8497-01,
1160-4-3139-01,
1160-4-3139-02,
1160-4-4163-01,
1160-4-8500-01,
1170-1-1942-01,
1170-1-2957-01,
1170-1-2957-02,
1170-1-3416-01,
1170-1-4625-01,
1170-2-0052-01,
1170-2-0277-01,
1170-2-2056-01,
1170-2-3859-01,
1170-2-4940-01,
1170-2-4940-02,
1170-2-4940-03,
1170-2-4969-01,
1170-3-1591-01,
1170-3-2928-01,
1170-3-3550-01,
1170-3-3551-01,
1170-3-3555-01,
1170-3-5014-01,
1170-3-5339-01,
1170-3-5340-01,
1170-4-7415-01,
1270-1-3699-01,
1270-1-3699-02,
1270-1-3699-03,
1270-1-3699-04,
1270-1-3838-01,
1270-1-4545-01,
1270-1-4545-02,
1270-1-7830-01,
1270-2-0058-01,
1270-2-0069-01,
1270-2-0069-02,
1270-2-0069-03,
1270-2-0069-04,
1270-2-0275-01,
1270-2-1783-01,
1270-2-4185-01,
1270-3-0071-01,
1270-3-2011-01,
1270-3-2011-02,
1270-3-2011-03,
1270-3-2011-04,
1270-3-4063-01,
1270-3-4187-01,
1270-3-4551-01,
1270-4-2767-01,
1270-4-2767-02,
1270-4-2767-03,
1270-4-2767-04,
1270-4-4547-01,
1270-4-4550-01,
1270-4-7734-01,
1270-5-5012-01,
1270-5-5012-02,
1270-5-5012-03,
1270-5-5012-04,
1270-5-5012-05,
1270-5-5012-06,
1270-5-5012-07,
1270-5-5014-01,
6000-1-4627-01,
6000-1-8610-01,
6000-1-8610-02,
6000-1-8610-03,
6000-1-8610-04,
6000-1-8610-05,
6000-1-8610-06,
6030-1-4626-01,
6030-1-4626-02,
6030-1-8501-01,
6030-2-0821-01,
6030-2-0876-01,
6030-2-1506-01,
6030-2-1823-01,
6030-2-4562-01,
6030-3-1122-01,
6030-3-1743-01,
6030-3-1864-01,
6030-3-1864-02,
6030-3-4265-01,
6030-3-8277-01,
6030-3-8502-01,
6030-3-8505-01,
6030-4-0608-01,
6030-4-1161-01,
6030-4-6723-01,
6030-4-8276-01,
6030-4-8278-01,
6030-4-8503-01,
6050-1-1224-01,
,
6050-1-4626-01,
6050-1-4626-02,
6050-1-5221-01,
,
6050-2-0722-01,
6050-2-0984-01,
6050-2-1136-01,
6050-2-1138-01,
6050-2-1138-02,
6050-2-1138-03,
6050-3-0527-01,
6050-3-1933-01,
6050-3-2848-01,
6050-3-2849-01,
6050-3-2849-02,
6050-3-7416-01,
6050-3-7708-01,
6050-3-7710-01,
6050-3-8507-01,
6050-4-0529-01,
6050-4-0529-02,
6050-4-0801-01,
6050-4-2850-01,
6050-4-4163-01,
6050-4-7417-01,
6050-4-7418-01,
6050-4-8064-01,
6100-1-1224-01,
,
6100-1-4626-01,
6100-1-4626-02,
6100-1-5221-01,
,
6100-1-6915-01,
6100-1-6915-02,
6100-1-6915-03,
6100-2-1016-01,
6100-2-1411-01,
6100-2-1459-01,
6100-2-1461-01,
6100-2-1876-01,
6100-2-4566-01,
6100-3-0636-01,
6100-3-0976-01,
6100-3-2871-01,
6100-3-4568-01,
6100-3-4569-01,
6100-3-6547-01,
6100-3-7712-01,
6100-4-2302-01,
6100-4-4572-01,
6100-4-5694-01,
6100-4-6248-01,
6100-4-6250-01,
6100-4-8506-01,
6090-1-6370-01,
6090-1-6370-02,
6090-2-3211-01,
6090-2-3211-02,
6090-2-3217-01,
6090-2-3217-02,
6090-2-5492-01,
6090-2-6371-01,
6090-2-6551-01,
6090-2-8508-01,
6090-2-8508-02,
6090-3-4191-01,
6090-3-4191-02,
6090-3-5204-01,
6090-3-5204-02,
6090-3-5268-01,
6090-3-5493-01,
6090-3-5493-02,
6090-3-5497-01,
6090-3-5497-02,
6090-3-7831-01,
6090-4-5022-01,
6090-4-5022-02,
6090-4-6552-01,
6090-4-6552-02,
6090-4-7420-01,
6090-4-7421-01,
6090-4-8511-01,
6090-4-8511-02,
6090-4-8512-01,
6120-1-2993-01,
6120-1-7137-01,
6120-2-1763-01,
6120-2-7423-01,
6120-2-7424-01,
6120-2-7735-01,
6120-2-8516-01,
6110-4-7892-01,
6110-4-7894-01,
6110-4-7898-01,
3000-1-8610-01,
3000-1-8610-02,
3000-1-8610-03,
3000-1-8610-04,
3000-1-8610-05,
3000-1-8610-06,
3000-1-8610-07,
3000-3-8607-01,
3040-1-0368-01,
3040-2-0272-01,
3040-2-2779-01,
3040-2-2780-01,
3040-2-5509-01,
3040-2-6567-01,
E020-3-0173-01,
E020-3-1884-01,
E020-3-5694-01,
E020-3-6917-01,
E020-3-6918-01,
E020-3-8294-01,
E020-4-0177-01,
E020-4-6919-01,
E020-4-6920-01,
3050-1-1031-01,
3050-2-5236-01,
3050-2-8521-01,
3050-2-8522-01,
3050-2-8523-01,
E030-3-0157-01,
E030-3-5694-01,
E030-3-5881-01,
E030-3-6251-01,
E030-3-8525-01,
E030-4-5251-01,
E030-4-6921-01,
E030-4-7428-01,
E030-4-8295-01,
3110-1-0960-01,
3110-2-0750-01,
3110-2-0954-01,
3110-2-1533-01,
3110-2-1542-01,
3110-2-1667-01,
3110-2-1667-02,
9050-3-0759-01,
9050-3-0836-01,
9050-3-4233-01,
9050-3-8526-01,
9050-3-8527-01,
9050-4-4231-01,
9050-4-4234-01,
9050-4-4617-01,
9050-4-6924-01,
3170-1-1633-01,
3170-1-1633-02,
3170-2-0929-01,
3170-2-1194-01,
3170-2-1629-01,
3170-2-1629-02,
3170-2-5531-01,
3170-2-6569-01,
3170-2-6926-01,
3170-2-6926-02,
3170-2-7429-01,
3170-2-7737-01,
3170-2-7737-02,
3170-2-7738-01,
3170-2-7738-02,
3170-2-7740-01,
3170-2-8111-01,
3170-2-8528-01,
3170-2-8529-01,
9060-3-5030-01,
9060-3-5536-01,
9060-3-7741-01,
9060-3-8536-01,
9060-3-8537-01,
9060-3-8538-01,
9060-4-3881-01,
9060-4-8098-01,
3210-2-5555-01,
3210-2-5555-02,
3210-2-5556-01,
3210-2-5556-02,
3210-2-5557-01,
3210-2-5584-01,
3210-2-5585-01,
3210-2-6565-01,
3210-2-6934-01,
3210-2-8287-01,
3210-2-8570-01,
3210-2-8571-01,
3210-2-8572-01,
3210-2-8573-01,
D030-3-5578-01,
D030-3-5623-01,
D030-3-5694-01,
D030-3-6192-01,
D030-3-6566-01,
D030-3-6935-01,
D030-4-5619-01,
D030-4-5628-01,
D030-4-8576-01,
F000-1-8610-01,
F000-1-8610-02,
F000-1-8610-03,
F000-1-8610-04,
F000-1-8610-05,
6000-1-8610-06,
F020-1-8090-01,
F020-1-8091-01,
F020-1-8282-01,
F020-2-2185-01,
F020-2-2813-01,
F020-2-4213-01,
F020-2-4891-01,
F020-2-5025-01,
9030-3-1843-01,
9030-3-3406-01,
9030-3-5694-01,
9030-3-8094-01,
9030-3-8096-01,
9030-3-8285-01,
9030-4-4894-01,
9030-4-7880-01,
9030-4-7881-01,
9030-4-8284-01,
F030-1-0620-01,
F030-1-0620-02,
F030-1-0620-03,
F030-1-1857-01,
F030-1-1857-02,
F030-1-1857-03,
F030-1-4219-01,
F030-1-4219-02,
F030-1-4219-03,
F030-1-6139-01,
F030-1-6139-02,
F030-2-0316-01,
F030-2-0316-02,
F030-2-1587-01,
F030-2-1587-02,
F030-2-1837-01,
F030-2-1837-02,
F030-2-1893-01,
F030-2-1893-02,
F030-2-3182-01,
F030-2-3182-02,
F030-2-3824-01,
F030-2-3824-02,
F030-2-5562-01,
4050-3-0041-01,
4050-3-0041-02,
4050-3-0299-01,
4050-3-0677-01,
4050-3-0831-01,
4050-3-1817-01,
4050-3-1817-02,
4050-3-1838-01,
4050-3-3867-01,
4050-3-3867-02,
4050-3-3868-01,
4050-3-5539-01,
4050-3-5568-01,
4050-4-0625-01,
4050-4-3869-01,
4050-4-5542-01,
4050-4-5543-01,
4050-4-5573-01,
4050-4-7394-01,
F050-1-0350-01,
F050-1-6967-01,
F050-1-7718-01,
F050-2-0121-01,
F050-2-8124-01,
F050-2-8543-01,
F050-2-8544-01,
F050-2-8545-01,
4100-3-7843-01,
4100-3-8550-01,
4100-3-8551-01,
4100-3-8552-01,
4090-4-8077-01,
4090-4-8078-01,
4090-4-8079-01,
F040-1-7400-01,
F040-1-8107-01,
F041-2-5598-01,
F041-2-5887-01,
F041-2-6573-01,
F041-2-6937-01,
D161-3-2719-01,
D161-3-5638-01,
D161-3-5694-01,
D161-3-6938-01,
D161-3-8099-01,
D161-3-8100-01,
D161-3-8823-01,
D161-4-5652-01,
D161-4-6202-01,
D161-4-8299-01,
5000-1-8610-01,
5000-1-8610-02,
5000-1-8610-03,
5000-1-8610-04,
5000-1-8610-05,
5000-3-8824-01,
5080-1-0109-01,
5080-1-0109-02,
5080-1-1970-01,
5080-1-1970-02,
5080-1-1970-03,
5080-1-4929-01,
5080-1-4929-02,
5080-1-8553-01,
5080-2-0092-01,
5080-2-0092-02,
5080-2-0225-01,
5080-2-0508-01,
5080-2-0508-02,
5080-2-0508-03,
5080-2-1277-01,
5080-2-1277-02,
5080-2-1277-03,
5080-2-4900-01,
5080-2-4900-02,
5080-2-4900-03,
5080-2-4900-04,
5080-2-5261-01,
5080-2-5358-01,
5080-2-5358-02,
5080-2-5358-03,
5080-2-8554-01,
5080-2-8554-02,
5080-2-8555-01,
5080-2-8555-02,
5080-2-8556-01,
5080-2-8556-02,
5080-2-8557-01,
5080-2-8557-02,
5080-3-0917-01,
5080-3-2017-01,
5080-3-2923-01,
5080-3-3581-01,
5080-3-3890-01,
5080-3-3890-02,
5080-3-3918-01,
5080-3-3918-02,
5080-3-5148-01,
5080-3-5218-01,
5080-3-5544-01,
5080-3-5886-01,
5080-3-6106-01,
5080-3-8561-01,
5080-3-8562-01,
5080-3-8606-01,
5080-4-0829-01,
5080-4-1543-01,
5080-4-2183-01,
5080-4-4222-01,
5080-4-5217-01,
5080-4-5217-02,
5080-4-7882-01,
5080-4-8084-01,
5080-4-8566-01,
5080-4-8567-01,
5080-4-8568-01,
5100-2-0048-01,
5100-2-0048-02,
5100-2-0048-03,
5100-2-0542-01,
5100-2-0542-02,
5100-2-0613-01,
5100-2-0613-02,
5100-2-0613-03,
5100-2-0613-04,
5100-2-3183-01,
5100-2-3516-01,
5100-2-5555-01,
5100-2-5555-02,
5100-2-5556-01,
5100-2-5557-01,
D020-2-2802-01,
D020-2-2802-02,
D020-3-0320-01,
D020-3-1101-01,
D020-3-1784-01,
D020-3-3566-01,
D020-3-5592-01,
D020-3-5606-01,
D020-3-5694-01,
D020-3-6258-01,
D020-3-8081-01,
D020-3-8113-01,
D020-4-0547-01,
D020-4-3844-01,
D020-4-5604-01,
D020-4-5610-01,
D020-4-6185-01,
D060-4-1784-01,
D060-4-4226-01,
D060-4-4228-01,
D060-4-4261-01,
D000-1-3794-01,
D000-1-5369-01,
D000-1-5370-01,
D000-1-5552-01,
D000-1-5553-01,
D000-1-5741-01,
D000-1-7002-01,
D000-2-5554-01,
D000-2-5555-01,
D000-2-5556-01,
D000-2-5557-01,